,model,fid,wasserstein_distance,mmd,coverage,precision,js_divergence,energy_distance,density_ks_stat,log_density_ratio,mode_collapse_score,duplicate_ratio,mean_pairwise_distance,min_pairwise_distance,std_pairwise_distance,distance_entropy,type,optimized,model_category,category
0,diffusion_default,2885.45654296875,1.1449650182842084,0.3979405139883359,0.0,0.0,0.764062762260437,85.10243225097656,1.0,-1.5762232542037964,7.638608932495117,0.0,7.38895320892334,4.38492488861084,1.830212950706482,5.081269,diff,False,diff (Base),diff (Base)
4,diffusion_optim,441.1368408203125,0.3269122435457719,0.21780995527903238,0.0,0.0,0.4249357283115387,13.025197982788086,0.9508333333333333,-0.4655184745788574,13.488615989685059,0.0,14.649079322814941,7.760115623474121,8.916111946105957,3.3527117,diff,True,diff (Opt),diff (Opt)
6,flow_matching_default,390.0737609863281,0.24007098327303175,0.25744614998499554,0.0,0.0,0.3880147337913513,15.366340637207031,0.9795,-0.4925454556941986,10.696102142333984,0.0,10.574153900146484,7.735167980194092,1.8851372003555298,4.6835184,fm,False,fm (Base),fm (Base)
8,flow_matching_optim,214.1608428955078,0.18127490373328983,0.11852600177129109,0.0010000000474974513,0.75,0.30861473083496094,4.772478103637695,0.6573333333333333,-0.19099357724189758,13.602707862854004,0.0,13.453241348266602,10.613332748413086,1.6589081287384033,5.206646,fm,True,fm (Opt),fm (Opt)
