,model,fid,wasserstein_distance,mmd,coverage,precision,js_divergence,energy_distance,density_ks_stat,log_density_ratio,mode_collapse_score,duplicate_ratio,mean_pairwise_distance,min_pairwise_distance,std_pairwise_distance,distance_entropy,type,optimized,model_category,category
3,diffusion_unet_default,440.2700500488281,0.7648588120884359,0.3180347258845965,0.0,0.0,0.7362443804740906,19.296165466308594,0.9975,-0.5307807922363281,7.695192337036133,0.0,7.4642863273620605,4.745114803314209,1.0545092821121216,5.071167,diff,False,diff (Base),diff (Base)
5,diffusion_unetoptim,147.6884002685547,0.0736004247693481,0.05915468682845434,0.014666666276752949,1.0,0.32620254158973694,1.2003974914550781,0.17816666666666667,0.0332837738096714,16.106151580810547,0.0,15.463186264038086,10.717389106750488,2.166766881942749,5.231292,diff,True,diff (Opt),diff (Opt)
10,flow_matching_unet_default,365.4700012207031,0.35142874166743515,0.24589943637450537,0.0,0.0,0.6611936688423157,13.586097717285156,0.9876666666666667,-0.43091171979904175,10.332200050354004,0.0,9.837632179260254,6.654747486114502,1.6467726230621338,4.945596,fm,False,fm (Base),fm (Base)
12,flow_matching_unetoptim,156.50668334960938,0.08766439260146389,0.06185434013605118,0.006166666746139526,1.0,0.3332321345806122,1.3384809494018555,0.29233333333333333,-0.05979223921895027,16.0369873046875,0.0,15.60861873626709,10.496262550354004,2.347573757171631,5.130674,fm,True,fm (Opt),fm (Opt)
